ApplicantIncome,CoapplicantIncome,LoanAmount,Loan_Amount_Term,Gender,Married,Dependents,Education,Self_Employed,Credit_History,Property_Area,Loan_Status
0.07299082285068836,-0.5544873301529852,-0.2348145679300299,0.2732312961117544,Male,No,0,Graduate,No,1.0,Urban,Y
-0.13441195378345122,-0.03873154846446157,-0.21101723447966456,0.2732312961117544,Male,Yes,1,Graduate,No,1.0,Rural,N
-0.3937473372051281,-0.5544873301529852,-0.9487345714409902,0.2732312961117544,Male,Yes,0,Graduate,Yes,1.0,Urban,Y
-0.4620624697931504,0.2519796016915365,-0.3062065682811259,0.2732312961117544,Male,Yes,0,Not Graduate,No,1.0,Urban,Y
0.09772843680942066,-0.5544873301529852,-0.05633456705228982,0.2732312961117544,Male,No,0,Graduate,No,1.0,Urban,Y
0.0022183113925933404,0.8805997122641535,1.4428974403207269,0.2732312961117544,Male,Yes,2,Graduate,Yes,1.0,Urban,Y
-0.5030187842943628,-0.03599544352181688,-0.6036732364106927,0.2732312961117544,Male,Yes,0,Not Graduate,No,1.0,Urban,Y
-0.38784962791695354,0.30191351689480206,0.1459427672758156,0.2732312961117544,Male,Yes,3+,Graduate,No,0.0,Semiurban,N
-0.22893912765224944,-0.03257531234351103,0.26492943452764234,0.2732312961117544,Male,Yes,2,Graduate,No,1.0,Urban,Y
1.2184570268205968,3.196712546212882,2.4185881117857058,0.2732312961117544,Male,Yes,1,Graduate,No,1.0,Semiurban,N
-0.3609822856041582,-0.31507814767157505,-0.9011399045402595,0.2732312961117544,Male,Yes,2,Graduate,No,1.0,Urban,Y
-0.4756599662075529,0.07481680665529297,-0.4370919022581353,0.2732312961117544,Male,Yes,2,Graduate,No,1.0,Urban,Y
-0.38178809337077413,2.2178710029817448,0.6456867697334878,0.2732312961117544,Male,Yes,2,Graduate,No,1.0,Urban,Y
-0.5816549081366906,0.41682992448587897,-0.37759856863222196,0.2732312961117544,Male,No,0,Graduate,No,1.0,Rural,N
-0.6724141010713773,-0.18306108418896885,-1.531769240974941,-3.4548579441686273,Male,Yes,2,Graduate,No,1.0,Urban,Y
-0.07428808409567142,-0.5544873301529852,-0.24671323465521258,0.2732312961117544,Male,No,0,Graduate,No,1.0,Urban,Y
-0.29610748343423776,-0.5544873301529852,-0.5441799027847793,-1.5908133240284363,Male,No,1,Not Graduate,No,1.0,Urban,Y
-0.31019645562265485,-0.5544873301529852,-0.8297479041891634,0.2732312961117544,Female,No,0,Graduate,No,0.0,Urban,N
-0.08460907534997694,-0.5544873301529852,-0.1515239008537512,0.2732312961117544,Male,Yes,0,Not Graduate,No,1.0,Rural,N
-0.45927744040706797,0.6425585822540657,-0.36569990190703927,0.2732312961117544,Male,Yes,0,Graduate,No,1.0,Urban,Y
0.369678365097471,-0.5544873301529852,-0.4965852358840487,0.2732312961117544,Male,Yes,0,Not Graduate,No,0.0,Urban,N
0.09035630019920242,1.3693364576440608,2.0140334431294953,0.2732312961117544,Male,Yes,1,Graduate,No,1.0,Urban,Y
-0.45927744040706797,0.09909973802126458,-0.35380123518185663,0.2732312961117544,Male,Yes,0,Not Graduate,No,0.0,Semiurban,N
-0.33395111803335803,0.10115181672824809,-0.4013959020825873,0.2732312961117544,Male,Yes,2,Not Graduate,No,0.0,Rural,N
-0.27628462721565095,0.44590103950147875,0.0626521001995369,0.2732312961117544,Male,Yes,1,Graduate,No,1.0,Semiurban,N
0.6809463553066852,-0.5544873301529852,0.5385987692068438,0.2732312961117544,Male,Yes,0,Graduate,Yes,1.0,Semiurban,Y
-0.4266762140641029,0.216068224319325,-0.2824092348307606,0.2732312961117544,Male,Yes,0,Graduate,No,1.0,Semiurban,Y
-0.19289757089118253,-0.19879368760917582,-0.42519323553295263,0.2732312961117544,Male,Yes,2,Not Graduate,No,1.0,Urban,Y
-0.6489870891766838,-0.5544873301529852,-1.317593239921653,0.2732312961117544,Male,No,0,Not Graduate,No,1.0,Urban,N
-0.2708783937014909,0.15792599428812537,-0.3062065682811259,0.2732312961117544,Female,No,2,Graduate,No,1.0,Semiurban,Y
-0.2027270863714735,0.5977548638182589,0.6575854364586705,0.2732312961117544,Male,Yes,1,Graduate,No,1.0,Urban,N
-0.36638851911831827,-0.5544873301529852,-0.8535452376395288,0.2732312961117544,Male,No,0,Graduate,No,1.0,Urban,N
-0.11655500066092261,-0.5544873301529852,-0.47278790243368335,0.2732312961117544,Male,No,1,Graduate,Yes,1.0,Rural,N
-0.3118347082027033,0.015648537270601597,-0.37759856863222196,0.2732312961117544,Male,Yes,0,Graduate,No,1.0,Semiurban,Y
1.162592613840943,0.4715520233387727,2.0735267767554086,0.2732312961117544,Male,No,3+,Graduate,No,1.0,Rural,N
-0.512520649258644,0.152453784402836,-0.2348145679300299,0.2732312961117544,Male,Yes,0,Graduate,No,1.0,Urban,Y
-0.5857505395868119,-0.09960988343830587,-0.5441799027847793,0.2732312961117544,Male,Yes,0,Graduate,No,0.0,Urban,N
-0.28447589011589347,-0.055490191238160284,-0.020638566876741805,0.2732312961117544,Female,Yes,0,Graduate,No,1.0,Semiurban,Y
-0.2027270863714735,1.9114272494055395,0.45530810213056505,0.2732312961117544,Male,No,0,Graduate,No,1.0,Urban,Y
-0.2712060442175006,0.015990550388432185,-0.42519323553295263,0.2732312961117544,Male,No,0,Not Graduate,No,1.0,Semiurban,Y
-0.2954521824022184,-0.5544873301529852,-0.7821532372884328,0.2732312961117544,Male,No,0,Graduate,No,1.0,Urban,N
-0.5903376468109477,-0.13962541822448443,-1.174809239219461,0.2732312961117544,Male,No,0,Graduate,No,1.0,Urban,Y
-0.4920424920080379,-0.5544873301529852,-0.8416465709143461,0.2732312961117544,Male,Yes,0,Graduate,No,1.0,Urban,Y
-0.23958776942256466,0.24445531309926363,-0.13962523412856853,0.2732312961117544,Male,Yes,0,Graduate,No,1.0,Semiurban,Y
-0.11606352488690806,-0.5544873301529852,-0.59177456968551,0.2732312961117544,Male,Yes,0,Not Graduate,Yes,1.0,Urban,Y
-0.3265789814231398,-0.5544873301529852,-0.6869639034869715,0.2732312961117544,Female,No,0,Graduate,No,1.0,Urban,Y
0.04022577124971845,-0.5544873301529852,-1.210505239395009,0.2732312961117544,Male,Yes,1,Graduate,No,1.0,Urban,Y
0.06840371562655258,-0.5544873301529852,-0.020638566876741805,0.2732312961117544,Male,Yes,0,Graduate,No,1.0,Urban,Y
-0.45190530379684973,0.6220377951842305,-0.3062065682811259,0.2732312961117544,Female,Yes,0,Graduate,No,0.0,Urban,N
-0.22992207920027855,0.22359251291159787,-0.020638566876741805,0.2732312961117544,Female,No,0,Graduate,No,1.0,Semiurban,Y
-0.5693680137863268,0.00778223556049812,-0.5441799027847793,0.2732312961117544,Female,Yes,0,Not Graduate,No,1.0,Semiurban,Y
-0.3796583650167111,-0.5544873301529852,-0.3062065682811259,0.2732312961117544,Female,No,0,Graduate,No,1.0,Semiurban,Y
-0.19224226985916312,-0.5544873301529852,-0.4013959020825873,0.2732312961117544,Female,No,0,Graduate,No,1.0,Semiurban,N
-0.1290057202692912,-0.5544873301529852,-0.13962523412856853,0.2732312961117544,Male,Yes,2,Graduate,No,1.0,Urban,N
0.9987673558360934,-0.5544873301529852,1.6689721080991975,0.2732312961117544,Female,Yes,1,Graduate,Yes,0.0,Urban,N
-0.4415843125425442,-0.1553580216446914,-0.5798759029603274,0.2732312961117544,Male,Yes,2,Graduate,No,1.0,Semiurban,Y
-0.5359476611533376,-0.010344459684522937,-0.59177456968551,0.2732312961117544,Male,Yes,0,Graduate,No,1.0,Semiurban,Y
-0.3337872927753532,0.19794152907430393,-0.12772656740338584,0.2732312961117544,Male,Yes,0,Graduate,No,1.0,Rural,N
0.4384849734595078,0.21504218496583322,0.4077134352298344,0.2732312961117544,Male,Yes,1,Graduate,No,1.0,Urban,Y
-0.3352617200973968,0.4233281737246601,-0.020638566876741805,0.2732312961117544,Male,Yes,2,Not Graduate,No,1.0,Urban,Y
-0.4756599662075529,0.743794465131919,-0.3062065682811259,0.2732312961117544,Male,Yes,0,Graduate,No,1.0,Urban,Y
-0.38899640472298747,-0.5544873301529852,-0.556078569509962,0.2732312961117544,Male,Yes,3+,Graduate,No,1.0,Urban,Y
-0.4578030130850243,0.6251159132447058,0.2292334343520943,-2.5228356340985316,Male,Yes,0,Not Graduate,Yes,0.0,Rural,N
-0.07510721038569566,-0.5544873301529852,-0.1991185677544819,0.2732312961117544,Male,Yes,1,Graduate,No,0.0,Rural,N
-0.2027270863714735,-0.5544873301529852,-0.35380123518185663,0.2732312961117544,Female,No,0,Graduate,No,0.0,Semiurban,N
0.052840316116091864,1.0170629462785572,1.3358094397940827,0.2732312961117544,Male,Yes,0,Graduate,No,1.0,Semiurban,N
-0.3609822856041582,0.21641023743715557,-0.2348145679300299,-2.5228356340985316,Male,No,0,Not Graduate,No,0.0,Urban,N
0.8758984123324562,-0.5544873301529852,1.978337442953947,0.2732312961117544,Male,Yes,1,Graduate,No,1.0,Urban,Y
0.2779362206147552,-0.5544873301529852,-0.24671323465521258,-4.386880254238722,Male,Yes,3+,Not Graduate,Yes,1.0,Urban,Y
-0.18077450179882365,-0.5544873301529852,-0.11582790067820319,0.2732312961117544,Female,No,0,Graduate,No,0.0,Semiurban,N
-0.3596716835401194,0.4941248891155914,0.312524101428373,0.2732312961117544,Male,Yes,0,Graduate,No,1.0,Urban,Y
-0.5780507524605839,0.08678726577936348,-0.5798759029603274,0.2732312961117544,Male,Yes,2,Not Graduate,Yes,1.0,Semiurban,Y
-0.3118347082027033,-0.5544873301529852,-0.7702545705632501,-0.6587910139583409,Male,No,0,Graduate,No,1.0,Semiurban,Y
-0.10623400940661709,-0.5544873301529852,-0.6036732364106927,0.2732312961117544,Male,Yes,3+,Not Graduate,No,0.0,Semiurban,N
-0.02251930256613895,0.052243940878474296,0.4910041023061131,0.2732312961117544,Male,Yes,3+,Graduate,Yes,1.0,Semiurban,Y
-0.2708783937014909,-0.5544873301529852,-0.3894972353574046,2.1372759162519452,Male,No,0,Graduate,No,1.0,Urban,N
-0.2708783937014909,1.0700749795422981,0.36011876832910367,0.2732312961117544,Male,No,0,Graduate,No,1.0,Urban,N
-0.7213978532148273,0.4790763119310456,-0.42519323553295263,0.2732312961117544,Male,Yes,1,Graduate,Yes,1.0,Urban,N
-0.36638851911831827,0.8135651411693586,0.4077134352298344,-0.6587910139583409,Male,Yes,3+,Graduate,No,0.0,Semiurban,N
-0.3391935262895132,0.18631308306806402,-0.18721990102929922,0.2732312961117544,Male,Yes,3+,Not Graduate,Yes,1.0,Semiurban,Y
-0.25515116893302536,-0.5544873301529852,-0.41329456880777,0.2732312961117544,Female,No,0,Graduate,No,1.0,Semiurban,Y
-0.49286161829806213,-0.5544873301529852,-0.2348145679300299,0.2732312961117544,Male,Yes,1,Graduate,Yes,1.0,Semiurban,Y
-0.6594719056889942,0.088839344486347,0.25303076780245964,0.2732312961117544,Female,Yes,2,Graduate,No,1.0,Urban,N
0.09772843680942066,0.21504218496583322,1.4191001068703615,0.2732312961117544,Male,Yes,0,Graduate,No,1.0,Semiurban,N
-0.23188798229633673,-0.5544873301529852,-1.139113239043913,-1.5908133240284363,Male,Yes,1,Graduate,No,1.0,Urban,Y
-0.4976125507802028,0.3111478710762279,-0.11582790067820319,0.2732312961117544,Male,No,0,Graduate,No,1.0,Semiurban,Y
-0.3391935262895132,0.12953890550818672,-0.556078569509962,0.2732312961117544,Male,Yes,2,Not Graduate,No,1.0,Semiurban,Y
-0.4756599662075529,0.16989645341219586,-0.4965852358840487,0.2732312961117544,Male,Yes,0,Graduate,No,1.0,Semiurban,Y
0.5181040488498647,-0.5544873301529852,0.7646734369853145,0.2732312961117544,Male,No,0,Graduate,No,1.0,Urban,Y
0.047761733117941525,0.8706813318470665,0.34822010160392103,0.2732312961117544,Male,Yes,0,Graduate,No,1.0,Semiurban,Y
-0.4006279980413318,0.43735071155571414,-0.17532123430411653,0.2732312961117544,Male,Yes,0,Graduate,No,1.0,Semiurban,Y
0.13868475131063304,1.3792548380611478,0.5029027690312957,-2.5228356340985316,Male,Yes,2,Graduate,No,1.0,Semiurban,Y
-0.3490230417698042,0.06797654429868126,-0.7702545705632501,0.2732312961117544,Male,Yes,2,Not Graduate,No,1.0,Urban,Y
-0.20813331988563355,-0.5544873301529852,-0.2824092348307606,0.2732312961117544,Male,No,0,Graduate,No,1.0,Semiurban,Y
-0.2921756772421214,-0.5544873301529852,-1.4365799071734797,-3.4548579441686273,Male,No,0,Not Graduate,No,1.0,Semiurban,Y
0.22583978856921302,-0.5544873301529852,-0.1991185677544819,0.2732312961117544,Male,No,0,Graduate,No,1.0,Urban,N
-0.4782811703356305,0.2328268670930237,-0.1039292339530205,0.2732312961117544,Female,Yes,0,Graduate,No,1.0,Semiurban,Y
-0.5613405761440893,-0.213500251675891,-1.139113239043913,0.2732312961117544,Male,Yes,0,Graduate,No,1.0,Semiurban,Y
-0.19912293069536682,-0.5544873301529852,-0.36569990190703927,-2.5228356340985316,Male,Yes,0,Not Graduate,No,1.0,Semiurban,Y
-0.5970544823891465,0.6565811200851197,-0.17532123430411653,0.2732312961117544,Male,Yes,0,Graduate,No,1.0,Semiurban,Y
-0.18274040489488186,0.5615014733282169,-0.1515239008537512,-2.5228356340985316,Male,Yes,2,Not Graduate,No,1.0,Urban,Y
-0.09181738670219032,0.7472145963102249,0.0626521001995369,0.2732312961117544,Male,No,0,Graduate,No,1.0,Semiurban,Y
1.35099166054652,-0.5544873301529852,-0.2348145679300299,0.2732312961117544,Male,Yes,0,Graduate,No,1.0,Urban,Y
-0.1231080109811166,0.6709456710340044,-0.2348145679300299,0.2732312961117544,Male,Yes,0,Graduate,No,1.0,Semiurban,Y
-0.26006592667317086,-0.2966094393087234,0.16974010072618095,0.2732312961117544,Male,Yes,0,Graduate,No,1.0,Urban,Y
-0.38522842378887595,-0.20221381878748168,-0.5441799027847793,0.2732312961117544,Male,Yes,1,Graduate,No,1.0,Urban,Y
0.9851698594216909,-0.16938055947574543,0.9431534378630546,0.2732312961117544,Male,Yes,2,Graduate,No,1.0,Urban,Y
0.31610750572988516,-0.5544873301529852,-0.3062065682811259,0.2732312961117544,Male,No,0,Not Graduate,No,1.0,Rural,N
-0.26268713080124845,0.6767598940371243,0.8360654373364106,0.2732312961117544,Male,Yes,2,Graduate,No,0.0,Urban,N
-0.5459410018916334,-0.2966094393087234,-0.6155719031358754,2.1372759162519452,Male,Yes,3+,Not Graduate,No,1.0,Semiurban,Y
-0.014328039665896469,-0.5544873301529852,-0.11582790067820319,0.2732312961117544,Male,No,0,Graduate,No,1.0,Urban,Y
-0.40537893052347246,0.24342927374577186,-0.08013190050265516,0.2732312961117544,Female,Yes,0,Graduate,No,1.0,Semiurban,Y
-0.3000392896263542,0.8525546366020454,0.07455076692471957,0.2732312961117544,Male,Yes,0,Not Graduate,No,0.0,Rural,N
0.33543888617445744,-0.5544873301529852,-0.2348145679300299,0.2732312961117544,Female,No,1,Graduate,Yes,1.0,Semiurban,Y
-0.05790555829518646,-0.5544873301529852,-0.33000390173149124,0.2732312961117544,Male,No,0,Graduate,No,1.0,Semiurban,Y
1.5038406262650446,-0.5544873301529852,0.46720676885574774,-2.5228356340985316,Male,Yes,1,Graduate,No,1.0,Rural,Y
-0.36638851911831827,0.22632861785424258,0.09834810037508492,0.2732312961117544,Female,Yes,0,Graduate,No,1.0,Semiurban,Y
-0.5225139899969399,-0.07635299142582604,-0.7226599036625194,0.2732312961117544,Male,Yes,1,Graduate,No,1.0,Urban,Y
0.02695592535132563,0.17810476824012994,0.34822010160392103,0.2732312961117544,Male,Yes,0,Graduate,No,1.0,Rural,N
0.8198701740947977,-0.5544873301529852,1.3477081065192655,0.2732312961117544,Female,No,0,Graduate,No,1.0,Urban,Y
0.04317462589380574,0.3576616551011876,0.4077134352298344,0.2732312961117544,Male,Yes,0,Graduate,No,1.0,Rural,Y
-0.2027270863714735,-0.5544873301529852,-1.210505239395009,0.2732312961117544,Female,No,0,Graduate,No,1.0,Semiurban,Y
-0.5351285348633134,2.5167904679656767,-0.1039292339530205,0.2732312961117544,Female,No,0,Graduate,No,0.0,Semiurban,Y
-0.40079182329933666,-0.5544873301529852,-0.7702545705632501,0.2732312961117544,Male,Yes,2,Graduate,No,1.0,Semiurban,Y
-0.18077450179882365,0.13432708915781494,0.5742947693823918,0.2732312961117544,Male,Yes,0,Not Graduate,No,1.0,Rural,Y
-0.2803802586657722,-0.5544873301529852,-0.6274705698610581,0.2732312961117544,Female,No,0,Graduate,No,1.0,Rural,Y
3.014309505069758,-0.5544873301529852,2.6684601130145422,0.2732312961117544,Male,Yes,3+,Graduate,No,1.0,Rural,Y
-0.25203848903093323,0.006414183089175776,-0.2348145679300299,0.2732312961117544,Male,No,0,Graduate,No,1.0,Rural,Y
0.8370718261853068,0.7622631734947707,0.16974010072618095,-2.5228356340985316,Male,Yes,1,Graduate,Yes,0.0,Urban,N
0.11083445744980862,0.32414436955379017,0.4315107686801997,0.2732312961117544,Male,Yes,0,Graduate,No,1.0,Rural,N
2.4184770417061197,-0.5544873301529852,6.00008679606569,2.1372759162519452,Male,No,0,Graduate,Yes,1.0,Urban,Y
-0.5552790415979099,0.10525597414221513,-0.8535452376395288,0.2732312961117544,Male,No,0,Graduate,No,1.0,Urban,Y
-0.4399460599624957,-0.5544873301529852,-0.9011399045402595,0.2732312961117544,Male,No,0,Graduate,No,1.0,Semiurban,Y
-0.31855154378090217,-0.5544873301529852,-1.4365799071734797,-3.4548579441686273,Male,Yes,0,Graduate,Yes,1.0,Semiurban,Y
-0.08329847328593815,-0.5544873301529852,-0.5203825693344141,0.2732312961117544,Male,No,0,Graduate,No,1.0,Semiurban,Y
-0.22992207920027855,2.096114333034056,1.7165667749999283,0.2732312961117544,Male,Yes,3+,Graduate,No,1.0,Semiurban,N
-0.13441195378345122,-0.5544873301529852,-0.7345585703877021,0.2732312961117544,Female,Yes,0,Graduate,No,1.0,Rural,N
-0.34197855567559565,0.6425585822540657,-0.6869639034869715,0.2732312961117544,Male,Yes,2,Graduate,Yes,1.0,Urban,Y
1.571991933595062,-0.5544873301529852,1.14543077219116,0.2732312961117544,Male,No,0,Graduate,No,0.0,Semiurban,N
-0.19715702759930862,-0.06540857165524729,-0.1991185677544819,0.2732312961117544,Male,Yes,2,Not Graduate,No,1.0,Rural,N
-0.05921616035922526,0.15792599428812537,0.46720676885574774,0.2732312961117544,Male,Yes,2,Graduate,No,1.0,Rural,N
0.0022183113925933404,-0.5544873301529852,0.26492943452764234,0.2732312961117544,Male,No,0,Graduate,No,1.0,Urban,Y
0.25336243191402774,-0.5544873301529852,0.34822010160392103,-2.5228356340985316,Male,No,0,Graduate,Yes,1.0,Semiurban,Y
-0.4432225651225927,0.14116735151442666,-0.2824092348307606,0.2732312961117544,Male,Yes,0,Graduate,No,1.0,Semiurban,Y
1.0408704471433399,-0.5544873301529852,0.4910041023061131,-2.5228356340985316,Male,Yes,2,Graduate,No,1.0,Urban,Y
-0.5035102600683774,0.9797835164350234,-0.5441799027847793,0.2732312961117544,Female,Yes,0,Graduate,No,1.0,Semiurban,Y
1.550203174280417,-0.5544873301529852,-0.9011399045402595,0.2732312961117544,Female,Yes,2,Graduate,No,1.0,Urban,Y
-0.6332598644082182,-0.06711863724440022,-1.3770865735475664,0.2732312961117544,Male,Yes,1,Graduate,No,1.0,Urban,Y
0.753029468828819,0.015306524152771011,0.9431534378630546,0.2732312961117544,Female,No,0,Graduate,No,1.0,Rural,N
-0.08903235731610788,-0.2706164423535989,-0.24671323465521258,0.2732312961117544,Male,Yes,0,Graduate,No,1.0,Semiurban,Y
0.143108033276764,-0.5544873301529852,-0.33000390173149124,0.2732312961117544,Male,No,0,Graduate,No,0.0,Rural,N
-0.4630454213411795,0.7280618617117122,0.07455076692471957,0.2732312961117544,Male,Yes,0,Graduate,Yes,1.0,Rural,Y
0.6163992036527745,-0.5544873301529852,1.1692281056415255,0.2732312961117544,Male,No,0,Graduate,No,1.0,Urban,N
-0.511537697710615,-0.5544873301529852,-0.3894972353574046,0.2732312961117544,Male,Yes,2,Not Graduate,No,1.0,Rural,N
-0.35213572167189633,-0.5544873301529852,-1.139113239043913,0.2732312961117544,Male,No,0,Graduate,No,1.0,Urban,Y
5.667623383716302,-0.5544873301529852,5.405153459806557,-2.5228356340985316,Male,Yes,3+,Graduate,No,0.0,Semiurban,Y
0.09772843680942066,-0.5544873301529852,0.16974010072618095,0.2732312961117544,Male,Yes,1,Graduate,No,1.0,Rural,Y
0.6773421996305785,-0.5544873301529852,0.4910041023061131,0.2732312961117544,Male,Yes,1,Graduate,No,1.0,Urban,Y
-0.39702384236522514,0.15792599428812537,-0.3062065682811259,0.2732312961117544,Male,No,0,Graduate,No,1.0,Rural,Y
-0.13441195378345122,1.3693364576440608,1.3001134396185348,0.2732312961117544,Male,Yes,0,Graduate,No,1.0,Semiurban,Y
-0.5800166555566422,-0.19845167449134524,-0.5679772362351447,0.2732312961117544,Male,Yes,0,Not Graduate,No,1.0,Semiurban,Y
0.4144026605327949,-0.5544873301529852,1.5380867741221882,0.2732312961117544,Male,Yes,0,Graduate,No,1.0,Urban,N
-0.37916688924269654,-0.11671053932983518,-0.2943079015559433,0.2732312961117544,Male,Yes,1,Graduate,No,0.0,Semiurban,N
-0.20256326111346865,-0.059594348652127316,0.1459427672758156,0.2732312961117544,Male,Yes,2,Graduate,No,1.0,Rural,Y
0.6421197691595358,-0.5544873301529852,-0.8416465709143461,-2.5228356340985316,Male,Yes,0,Graduate,No,1.0,Urban,Y
-0.27792287979569946,0.52832620089865,0.4315107686801997,0.2732312961117544,Male,Yes,0,Graduate,No,1.0,Rural,Y
-0.13441195378345122,-0.5544873301529852,-0.4013959020825873,0.2732312961117544,Female,Yes,0,Graduate,No,1.0,Rural,N
-0.48565330694584874,0.5854423915763578,-0.1991185677544819,0.2732312961117544,Male,Yes,0,Graduate,No,1.0,Rural,Y
-0.5187460090628284,-0.5544873301529852,-0.9844305716165382,2.1372759162519452,Male,No,0,Graduate,No,0.0,Semiurban,N
0.42537895281911986,-0.5544873301529852,0.6456867697334878,0.2732312961117544,Male,Yes,2,Graduate,No,1.0,Semiurban,Y
-0.5870611416508507,0.05053387528932137,-0.6036732364106927,0.2732312961117544,Male,Yes,0,Not Graduate,No,1.0,Rural,Y
7.594863718885352,-0.5544873301529852,6.595020132324825,-0.6587910139583409,Male,Yes,3+,Graduate,No,1.0,Urban,Y
-0.30823055252659665,-0.5544873301529852,-0.7702545705632501,-2.5228356340985316,Male,Yes,3+,Not Graduate,No,1.0,Rural,N
0.04989146147200457,1.3693364576440608,0.4910041023061131,0.2732312961117544,Male,Yes,0,Graduate,No,1.0,Semiurban,Y
-0.17356619044661029,-0.302765675429674,-0.6988625702121541,0.2732312961117544,Male,Yes,0,Not Graduate,Yes,1.0,Semiurban,N
-0.31232618397671785,0.11722643326628564,-0.35380123518185663,0.2732312961117544,Male,Yes,0,Graduate,No,1.0,Rural,Y
-0.5502004585997595,-0.0007680923852665297,-0.5322812360595967,0.2732312961117544,Male,Yes,2,Graduate,No,1.0,Rural,Y
0.01843701193507345,3.3102609013326365,4.155793453662376,0.2732312961117544,Male,Yes,3+,Graduate,No,0.0,Semiurban,N
-0.2708783937014909,-0.5544873301529852,-0.35380123518185663,0.2732312961117544,Male,Yes,1,Graduate,No,1.0,Semiurban,Y
-0.5030187842943628,-0.05822629618080497,-0.5203825693344141,2.1372759162519452,Male,No,0,Not Graduate,No,0.0,Urban,N
0.1632585400113605,1.925107774118763,0.4077134352298344,0.2732312961117544,Male,Yes,1,Graduate,No,0.0,Urban,N
-0.5713339168823851,1.1771250854232715,-0.9368359047158076,0.2732312961117544,Male,No,0,Graduate,No,1.0,Rural,N
-0.13162692439736878,-0.5544873301529852,-0.8654439043647115,-2.5228356340985316,Male,Yes,0,Graduate,No,1.0,Semiurban,Y
4.659606571212462,-0.5544873301529852,1.3596067732444481,0.2732312961117544,Male,Yes,1,Graduate,No,1.0,Semiurban,N
-0.2913565509520971,-0.5544873301529852,-0.448990568983318,0.2732312961117544,Female,Yes,0,Graduate,No,1.0,Semiurban,Y
5.52804426389617,1.0700749795422981,-0.3062065682811259,0.2732312961117544,Male,Yes,0,Graduate,Yes,1.0,Semiurban,Y
-0.5284116992851144,-0.5544873301529852,-0.9487345714409902,-0.6587910139583409,Male,Yes,1,Graduate,Yes,0.0,Rural,N
-0.49482752139412034,0.1767367157688076,-1.0439239052424516,0.2732312961117544,Male,Yes,0,Graduate,No,1.0,Rural,Y
-0.7748048873244083,1.256814141877798,0.26492943452764234,0.2732312961117544,Male,Yes,0,Graduate,Yes,1.0,Rural,Y
0.6429388954495601,-0.5544873301529852,0.5029027690312957,-2.5228356340985316,Male,Yes,0,Graduate,No,1.0,Rural,Y
-0.08493672586598665,-0.5544873301529852,-1.1629105724942783,0.2732312961117544,Male,No,0,Not Graduate,No,1.0,Rural,Y
1.0806799848385182,-0.5544873301529852,0.21733476762691162,0.2732312961117544,Male,No,0,Graduate,No,1.0,Semiurban,N
0.10313467032358069,-0.5544873301529852,0.16974010072618095,0.2732312961117544,Male,Yes,0,Not Graduate,No,1.0,Urban,N
-0.25318526583696715,-0.5544873301529852,-0.8297479041891634,0.2732312961117544,Male,No,0,Graduate,No,1.0,Semiurban,Y
-0.19863145492135226,-0.5544873301529852,-0.3062065682811259,0.2732312961117544,Male,No,0,Graduate,No,1.0,Rural,Y
-0.3732691799545219,0.32893255320341835,0.28872676797800767,0.2732312961117544,Male,Yes,1,Graduate,No,1.0,Semiurban,N
0.47993276373473476,0.7280618617117122,0.4910041023061131,0.2732312961117544,Male,No,0,Graduate,No,1.0,Rural,Y
-0.5728083442044287,0.25437369351635064,-0.3062065682811259,0.2732312961117544,Female,No,0,Not Graduate,No,1.0,Urban,Y
-0.3255960298751107,0.4086216096579449,-0.3894972353574046,0.2732312961117544,Female,Yes,0,Graduate,No,1.0,Semiurban,Y
0.9168547268336686,-0.5544873301529852,-0.7464572371128848,0.2732312961117544,Male,No,0,Graduate,Yes,1.0,Urban,N
-0.45927744040706797,0.30054546442347974,-0.6631665700366061,0.2732312961117544,Male,Yes,1,Not Graduate,No,1.0,Semiurban,Y
-0.07871136606180236,-0.5544873301529852,0.24113210107727698,0.2732312961117544,Male,No,2,Graduate,No,0.0,Semiurban,Y
-0.23123268126431734,-0.5544873301529852,-0.1991185677544819,-2.5228356340985316,Male,Yes,3+,Not Graduate,No,1.0,Urban,N
-0.3118347082027033,-0.18408712354246062,-0.12772656740338584,0.2732312961117544,Male,Yes,1,Not Graduate,No,1.0,Urban,Y
-0.24351957561468104,-0.5544873301529852,-0.25861190138039525,0.2732312961117544,Male,Yes,2,Not Graduate,No,1.0,Semiurban,Y
-0.1630813739342999,-0.5544873301529852,-0.3062065682811259,0.2732312961117544,Female,No,0,Not Graduate,No,1.0,Semiurban,Y
-0.35377397425194484,-0.5544873301529852,-0.7821532372884328,0.2732312961117544,Female,No,0,Graduate,No,1.0,Urban,Y
-0.23401771065039978,0.3111478710762279,-1.0796199054179996,0.2732312961117544,Male,No,0,Not Graduate,No,1.0,Rural,Y
-0.4791002966256548,-0.5544873301529852,-1.032025238517269,0.2732312961117544,Male,No,0,Graduate,No,1.0,Urban,Y
-0.325268379359101,-0.5544873301529852,-0.22291590120484722,0.2732312961117544,Male,No,0,Graduate,No,1.0,Semiurban,N
0.753029468828819,-0.5544873301529852,0.8122681038860452,0.2732312961117544,Female,No,0,Graduate,No,1.0,Semiurban,N
-0.3233024762630428,-0.12697093286475275,-0.21101723447966456,0.2732312961117544,Male,Yes,3+,Graduate,No,0.0,Semiurban,N
0.3904841728640869,-0.5544873301529852,1.1216334387407947,0.2732312961117544,Male,Yes,1,Graduate,Yes,1.0,Urban,Y
0.04907233518198032,-0.5544873301529852,-0.18721990102929922,0.2732312961117544,Male,Yes,3+,Not Graduate,Yes,1.0,Rural,Y
-0.36540556757028914,0.478734298813215,-0.1039292339530205,0.2732312961117544,Male,Yes,0,Graduate,No,1.0,Urban,Y
-0.254495867901006,-0.21828843532551923,-0.5441799027847793,0.2732312961117544,Male,Yes,3+,Not Graduate,No,1.0,Semiurban,Y
-0.8606493225189494,0.061136281942069534,-0.12772656740338584,0.2732312961117544,Male,Yes,0,Graduate,No,1.0,Rural,N
-0.2746463746356025,0.052585953996304884,-0.17532123430411653,0.2732312961117544,Male,Yes,0,Graduate,No,1.0,Semiurban,Y
-0.06609682119542894,-0.5544873301529852,-0.8773425710898942,0.2732312961117544,Male,Yes,2,Graduate,No,0.0,Semiurban,N
-0.1835595311849061,0.26052992963730115,-0.22291590120484722,0.2732312961117544,Female,Yes,2,Graduate,No,1.0,Semiurban,Y
-0.521367213190906,-0.5544873301529852,-1.0201265717920862,0.2732312961117544,Male,Yes,0,Graduate,No,0.0,Urban,N
-0.22844765187823488,0.032749193162130895,-0.35380123518185663,0.2732312961117544,Male,Yes,2,Graduate,No,1.0,Semiurban,Y
-0.39849826968726876,0.40007128171218026,-0.020638566876741805,0.2732312961117544,Male,No,0,Graduate,No,1.0,Semiurban,Y
0.35624469394107333,-0.2090540811440934,0.34822010160392103,0.2732312961117544,Male,Yes,0,Graduate,No,1.0,Semiurban,Y
0.13868475131063304,-0.5544873301529852,-0.21101723447966456,0.2732312961117544,Male,Yes,0,Graduate,No,1.0,Semiurban,Y
-0.3527910227039157,-0.5544873301529852,0.28872676797800767,0.2732312961117544,Male,Yes,0,Graduate,No,1.0,Rural,N
-0.10951051456671408,-0.5544873301529852,-0.09203056722783784,0.2732312961117544,Male,Yes,0,Not Graduate,Yes,1.0,Urban,N
0.13868475131063304,0.025224904569858004,0.7646734369853145,0.2732312961117544,Male,Yes,2,Graduate,No,1.0,Semiurban,Y
-0.10574253363260254,-0.5544873301529852,0.1459427672758156,2.1372759162519452,Male,Yes,0,Graduate,No,1.0,Semiurban,Y
0.1632585400113605,-0.5544873301529852,0.6456867697334878,0.2732312961117544,Male,No,0,Graduate,Yes,1.0,Rural,Y
-0.4771343935295966,0.14800761387103836,-0.4965852358840487,0.2732312961117544,Male,Yes,1,Graduate,No,1.0,Semiurban,Y
-0.2764484524736558,-0.5544873301529852,-1.2343025728453743,-2.5228356340985316,Male,Yes,0,Graduate,No,1.0,Rural,Y
-0.36278436344221154,0.33406274997087715,-0.3062065682811259,0.2732312961117544,Male,No,0,Not Graduate,No,1.0,Rural,Y
0.47993276373473476,-0.5544873301529852,1.5975801077481016,0.2732312961117544,Female,No,0,Graduate,No,1.0,Semiurban,Y
-0.3683544222143764,0.05395400646762723,-0.0682332337774725,0.2732312961117544,Male,Yes,1,Graduate,No,1.0,Semiurban,Y
0.015815807806995857,-0.1235508016864469,0.28872676797800767,0.2732312961117544,Male,Yes,1,Graduate,No,1.0,Rural,Y
0.056116821276188854,-0.5544873301529852,1.3001134396185348,0.2732312961117544,Male,Yes,0,Graduate,No,1.0,Urban,N
-0.3178962427488828,-0.5544873301529852,-0.2824092348307606,0.2732312961117544,Female,No,0,Graduate,Yes,1.0,Urban,Y
-0.26072122770519024,-0.5544873301529852,-0.4013959020825873,0.2732312961117544,Female,No,1,Graduate,No,1.0,Rural,Y
-0.3421423809336005,-0.5544873301529852,-0.59177456968551,0.2732312961117544,Male,Yes,1,Graduate,No,1.0,Semiurban,Y
0.06807606511054287,1.1555782589999446,-0.3062065682811259,0.2732312961117544,Male,Yes,2,Graduate,No,1.0,Rural,Y
-0.47402171362750445,0.12372468250506677,-0.0682332337774725,-2.5228356340985316,Male,Yes,1,Not Graduate,No,1.0,Urban,N
-0.3994812212352979,1.3953294545991854,0.11024676710026758,-4.386880254238722,Male,No,0,Graduate,No,1.0,Urban,Y
0.13868475131063304,-0.10987027697322346,-0.448990568983318,0.2732312961117544,Male,Yes,2,Graduate,Yes,1.0,Rural,Y
-0.3272342824551592,0.956184611304713,-0.2705105681055779,0.2732312961117544,Male,Yes,0,Not Graduate,No,1.0,Semiurban,Y
0.10591969970966313,0.9274555094069438,-0.3062065682811259,-2.5228356340985316,Male,No,0,Graduate,Yes,1.0,Urban,N
0.7043733672013787,-0.5544873301529852,-0.4013959020825873,0.2732312961117544,Male,Yes,2,Graduate,No,1.0,Urban,Y
0.1973341936763692,-0.5544873301529852,-0.1039292339530205,-2.5228356340985316,Male,Yes,1,Not Graduate,No,1.0,Urban,Y
-0.4130787176497004,0.07584284600878473,-0.2705105681055779,2.1372759162519452,Male,Yes,1,Graduate,No,1.0,Semiurban,Y
-0.588863219488904,0.08439317395454939,-0.6631665700366061,0.2732312961117544,Male,Yes,0,Graduate,No,1.0,Urban,Y
-0.6119625808675878,0.7759436982079941,0.6575854364586705,0.2732312961117544,Male,Yes,0,Not Graduate,No,0.0,Semiurban,N
-0.32379395203705735,-0.5544873301529852,-0.09203056722783784,0.2732312961117544,Female,No,2,Graduate,No,1.0,Urban,N
-0.4620624697931504,0.1866550961858946,-0.4965852358840487,0.2732312961117544,Male,No,0,Not Graduate,Yes,1.0,Rural,Y
-0.44928409966877214,1.8741478195620058,1.585681441022919,-2.5228356340985316,Male,Yes,1,Not Graduate,No,1.0,Semiurban,Y
1.7769373313591288,-0.5544873301529852,0.5504974359320265,0.2732312961117544,Male,No,0,Graduate,Yes,0.0,Urban,N
-0.3801498407907256,-0.5544873301529852,1.3001134396185348,0.2732312961117544,Female,No,3+,Graduate,No,1.0,Rural,Y
0.10510057341963888,-0.5544873301529852,-0.36569990190703927,0.2732312961117544,Male,No,0,Not Graduate,No,0.0,Rural,N
-0.025140506694216542,-0.5544873301529852,-0.6155719031358754,0.2732312961117544,Male,Yes,3+,Graduate,No,1.0,Urban,N
1.5202231520655296,0.16374021729124533,1.8831481091524858,0.2732312961117544,Male,Yes,0,Graduate,No,1.0,Rural,N
-0.07740076399776356,-0.5544873301529852,-0.21101723447966456,0.2732312961117544,Male,Yes,3+,Not Graduate,No,1.0,Semiurban,N
0.11132593322382317,0.8990684206270051,2.1925134440072354,0.2732312961117544,Male,Yes,1,Graduate,No,1.0,Urban,Y
-0.5477430797296867,0.2010196471347792,-0.13962523412856853,0.2732312961117544,Male,No,0,Graduate,No,1.0,Semiurban,Y
-0.31494738810479544,-0.5544873301529852,0.11024676710026758,-4.759689178266761,Female,No,1,Graduate,No,1.0,Semiurban,N
0.29431874641524014,-0.5544873301529852,-0.3062065682811259,0.2732312961117544,Female,No,0,Graduate,No,1.0,Rural,Y
-0.03890182836662391,-0.5544873301529852,-0.21101723447966456,0.2732312961117544,Male,No,0,Graduate,Yes,1.0,Semiurban,Y
-0.2143586796898178,0.6244318870090446,0.0626521001995369,0.2732312961117544,Male,No,0,Graduate,No,1.0,Rural,Y
-0.11393379653284502,-0.08011513572196248,0.05075343347435422,0.2732312961117544,Male,Yes,2,Graduate,No,1.0,Semiurban,Y
-0.17536826828466362,0.06489842623820598,0.16974010072618095,0.2732312961117544,Male,Yes,3+,Graduate,No,0.0,Urban,Y
-0.325268379359101,-0.5544873301529852,-0.12772656740338584,0.2732312961117544,Female,No,0,Graduate,No,1.0,Rural,N
-0.41406166919772946,-0.0209468663372711,-0.6631665700366061,0.2732312961117544,Female,No,1,Graduate,No,1.0,Urban,Y
-0.35492075105797877,-0.5544873301529852,-1.3770865735475664,0.2732312961117544,Female,No,0,Graduate,No,1.0,Urban,Y
0.9407732145023766,-0.5544873301529852,-0.11582790067820319,0.2732312961117544,Male,Yes,0,Graduate,No,1.0,Urban,Y
-0.421106155291938,0.08063102965841293,-0.2348145679300299,0.2732312961117544,Male,No,0,Graduate,No,1.0,Rural,Y
-0.456000935246971,0.2058078307844074,0.05075343347435422,0.2732312961117544,Male,Yes,0,Graduate,No,1.0,Semiurban,Y
-0.24630460500076348,-0.5544873301529852,-0.6631665700366061,0.2732312961117544,Male,Yes,2,Graduate,No,1.0,Semiurban,Y
-0.4347036517063405,0.07550083289095415,-0.36569990190703927,0.2732312961117544,Male,Yes,1,Graduate,No,1.0,Semiurban,Y
-0.23106885600631247,0.5652636176243533,0.7289774368097666,0.2732312961117544,Male,Yes,0,Graduate,No,1.0,Semiurban,Y
-0.37687333563062864,-0.10987027697322346,-0.7821532372884328,0.2732312961117544,Male,Yes,0,Graduate,No,1.0,Urban,Y
1.5038406262650446,-0.5544873301529852,3.4537721168765985,0.2732312961117544,Male,Yes,0,Graduate,No,1.0,Semiurban,Y
-0.21353955339979358,-0.5544873301529852,-0.25861190138039525,0.2732312961117544,Female,Yes,0,Not Graduate,No,1.0,Rural,Y
-0.2212393405260215,0.27523649370401637,0.1459427672758156,0.2732312961117544,Male,No,1,Not Graduate,Yes,0.0,Urban,N
-0.24188132303463256,-0.2808768358885165,-0.4013959020825873,0.2732312961117544,Male,Yes,0,Graduate,No,1.0,Semiurban,Y
-0.5082611925505179,-0.21733080276815359,-0.8059505707387982,-2.5228356340985316,Male,Yes,2,Graduate,No,1.0,Urban,Y
-0.5885355689728943,0.015306524152771011,-1.0915185721431824,0.2732312961117544,Female,No,0,Graduate,No,1.0,Urban,Y
2.5005534959665496,-0.5544873301529852,-0.1991185677544819,0.2732312961117544,Male,Yes,0,Graduate,No,1.0,Rural,N
-0.3678629464403619,0.48967871858379375,-0.6750652367617888,0.2732312961117544,Male,No,0,Graduate,No,1.0,Rural,Y
-0.45927744040706797,0.032749193162130895,-0.556078569509962,-0.6587910139583409,Female,No,0,Graduate,Yes,1.0,Semiurban,N
-0.278414355569714,0.12953890550818672,-0.3062065682811259,0.2732312961117544,Male,Yes,0,Graduate,No,1.0,Rural,Y
-0.2096077472076772,-0.5544873301529852,-0.36569990190703927,0.2732312961117544,Female,No,0,Graduate,No,1.0,Semiurban,Y
0.672427441890433,-0.5544873301529852,0.4910041023061131,0.2732312961117544,Male,No,0,Graduate,No,1.0,Rural,Y
-0.3814604428547644,0.2718163625257105,-0.08013190050265516,0.2732312961117544,Male,Yes,0,Graduate,No,1.0,Rural,Y
-0.16439197599833869,-0.5544873301529852,-0.22291590120484722,0.2732312961117544,Male,Yes,2,Graduate,No,0.0,Semiurban,N
-0.3686820727303861,-0.0209468663372711,-0.13962523412856853,0.2732312961117544,Male,Yes,2,Graduate,No,1.0,Urban,Y
0.0022183113925933404,-0.5544873301529852,-0.032537233601924474,2.1372759162519452,Female,No,0,Graduate,No,0.0,Urban,N
-0.49482752139412034,0.5857844046941885,0.312524101428373,0.2732312961117544,Male,Yes,0,Graduate,No,1.0,Semiurban,Y
-0.1617707718702611,-0.12697093286475275,-0.42519323553295263,0.2732312961117544,Male,Yes,3+,Graduate,No,1.0,Urban,Y
0.24107553756366404,-0.5544873301529852,0.6456867697334878,0.2732312961117544,Male,Yes,1,Graduate,No,1.0,Semiurban,Y
-0.12081445736904871,-0.5544873301529852,-0.12772656740338584,0.2732312961117544,Female,Yes,1,Graduate,No,1.0,Urban,Y
-0.06609682119542894,0.31456800225453374,0.0626521001995369,2.1372759162519452,Female,No,0,Graduate,No,1.0,Rural,N
-0.5552790415979099,0.44590103950147875,-0.3894972353574046,0.2732312961117544,Male,Yes,1,Graduate,No,1.0,Urban,N
-0.5903376468109477,0.44897915756195406,-0.6274705698610581,0.2732312961117544,Male,Yes,0,Not Graduate,No,0.0,Urban,N
-0.4142254944557343,0.04403562605054023,-0.484686569158866,0.2732312961117544,Male,Yes,0,Not Graduate,No,1.0,Semiurban,Y
-0.06609682119542894,-0.5544873301529852,-0.16342256757893386,0.2732312961117544,Female,No,0,Graduate,No,1.0,Rural,Y
-0.6190070669617963,0.06216232129556129,-0.59177456968551,0.2732312961117544,Male,Yes,1,Graduate,No,1.0,Urban,Y
-0.22992207920027855,0.30054546442347974,-0.0682332337774725,0.2732312961117544,Male,No,0,Graduate,No,1.0,Rural,Y
-0.5575725952099777,-0.5544873301529852,-0.1991185677544819,0.2732312961117544,Male,No,0,Not Graduate,No,1.0,Urban,N
-0.26891249060543276,0.015306524152771011,-0.12772656740338584,0.2732312961117544,Female,No,0,Graduate,No,1.0,Rural,Y
-0.4920424920080379,0.08268310836539645,-0.4965852358840487,0.2732312961117544,Female,No,0,Graduate,No,0.0,Urban,N
2.429453333992445,-0.5544873301529852,3.977313452784636,0.2732312961117544,Male,No,0,Graduate,No,1.0,Rural,N
0.3708251419035049,-0.5544873301529852,0.46720676885574774,0.2732312961117544,Male,Yes,2,Not Graduate,No,1.0,Rural,Y
-0.40734483361953067,-0.5544873301529852,-0.7345585703877021,0.2732312961117544,Female,No,0,Graduate,No,1.0,Semiurban,Y
-0.40570658103948215,0.26805421822957404,-0.41329456880777,0.2732312961117544,Male,No,0,Not Graduate,No,1.0,Semiurban,Y
-0.474513189401519,-0.5544873301529852,-1.067721238692817,0.2732312961117544,Female,No,0,Graduate,No,1.0,Rural,Y
0.056116821276188854,-0.5544873301529852,-0.020638566876741805,-4.014071330210684,Male,Yes,2,Graduate,Yes,1.0,Rural,Y
-0.48008324817368386,0.07584284600878473,0.15784143400099826,0.2732312961117544,Male,Yes,0,Graduate,No,1.0,Rural,N
-0.32838105926119315,0.006414183089175776,-0.41329456880777,-2.5228356340985316,Male,Yes,1,Not Graduate,No,1.0,Urban,Y
-0.27628462721565095,-0.5544873301529852,-0.3062065682811259,0.2732312961117544,Male,Yes,2,Graduate,No,1.0,Semiurban,Y
-0.5480707302456964,0.17536866329748527,-0.6869639034869715,0.2732312961117544,Male,Yes,0,Graduate,No,1.0,Urban,Y
-0.3051178726245045,-0.5544873301529852,-0.4013959020825873,0.2732312961117544,Female,No,1,Graduate,No,1.0,Semiurban,Y
0.753029468828819,-0.5544873301529852,0.11024676710026758,0.2732312961117544,Male,Yes,1,Graduate,Yes,1.0,Rural,N
-0.4920424920080379,0.1866550961858946,-0.36569990190703927,0.2732312961117544,Male,Yes,0,Graduate,No,1.0,Semiurban,Y
-0.17389384096261998,-0.4898468508830045,-0.25861190138039525,0.2732312961117544,Male,Yes,3+,Graduate,No,1.0,Semiurban,Y
-0.29528835714421353,-0.010686472802353523,-0.2348145679300299,0.2732312961117544,Male,Yes,2,Not Graduate,No,1.0,Rural,Y
-0.3665523443763231,0.4664218265713139,-0.16342256757893386,0.2732312961117544,Female,No,0,Graduate,No,1.0,Rural,Y
1.5721557588530668,-0.5544873301529852,1.835553442251755,0.2732312961117544,Male,Yes,3+,Graduate,No,1.0,Rural,Y
0.5344865746503497,1.1497640359968246,2.739852113365638,0.2732312961117544,Male,Yes,1,Graduate,Yes,0.0,Rural,N
-0.07969431760983145,-0.5544873301529852,-0.18721990102929922,0.2732312961117544,Male,No,0,Graduate,No,0.0,Rural,Y
0.06791223985253803,0.18426100436108048,0.45530810213056505,0.2732312961117544,Male,Yes,0,Graduate,Yes,1.0,Semiurban,Y
-0.17536826828466362,0.28378682164978103,-0.42519323553295263,0.2732312961117544,Female,Yes,0,Graduate,No,1.0,Urban,N
-0.4756599662075529,-0.5544873301529852,-0.9368359047158076,0.2732312961117544,Female,No,0,Graduate,No,1.0,Urban,Y
-0.16701318012641628,0.058742190117255434,-0.34190256845667394,0.2732312961117544,Male,No,1,Graduate,No,1.0,Urban,Y
-0.4043959789754433,-0.5544873301529852,-0.5679772362351447,0.2732312961117544,Male,No,0,Graduate,No,1.0,Semiurban,Y
-0.421106155291938,-0.5544873301529852,-0.8892412378150768,0.2732312961117544,Male,No,0,Graduate,No,1.0,Urban,Y
9.490977255033481,-0.5544873301529852,4.096300120036463,-2.5228356340985316,Male,Yes,0,Graduate,No,1.0,Urban,Y
0.7256706507420091,0.07242271483047887,0.4315107686801997,-2.5228356340985316,Male,Yes,1,Graduate,Yes,1.0,Urban,Y
0.016307283581010405,0.9811515689063458,-0.9011399045402595,0.2732312961117544,Male,Yes,0,Graduate,Yes,1.0,Semiurban,Y
-0.025140506694216542,-0.3191823050855421,0.16974010072618095,0.2732312961117544,Male,Yes,1,Graduate,No,1.0,Rural,Y
-0.4756599662075529,1.0187730118677103,0.36011876832910367,0.2732312961117544,Male,Yes,2,Graduate,Yes,1.0,Rural,Y
-0.5854228890708022,-0.5544873301529852,-0.1991185677544819,0.2732312961117544,Female,No,3+,Not Graduate,No,0.0,Urban,N
-0.2037100379195026,-0.5544873301529852,-0.8892412378150768,0.2732312961117544,Female,No,0,Graduate,No,1.0,Semiurban,Y
-0.45157765328084004,-0.01171251215584528,0.3244227681535557,0.2732312961117544,Male,Yes,3+,Not Graduate,No,1.0,Rural,N
-0.49564664768414457,-0.5544873301529852,-1.1867079059446437,0.2732312961117544,Female,No,0,Graduate,No,1.0,Rural,N
-0.13916288626559187,-0.13415320833919506,0.1459427672758156,0.2732312961117544,Male,Yes,1,Not Graduate,No,1.0,Urban,Y
-0.36540556757028914,-0.5544873301529852,-0.8535452376395288,0.2732312961117544,Male,Yes,3+,Not Graduate,No,1.0,Semiurban,Y
-0.4620624697931504,0.2424032343922801,-0.24671323465521258,0.2732312961117544,Male,Yes,2,Graduate,No,1.0,Rural,Y
-0.47582379146555775,0.2861809134745951,0.16974010072618095,0.2732312961117544,Male,Yes,0,Graduate,No,1.0,Semiurban,Y
-0.3080667272685918,0.5502150404398075,0.07455076692471957,0.2732312961117544,Male,Yes,0,Not Graduate,No,0.0,Rural,N
-0.3801498407907256,0.18699710930372518,-0.2348145679300299,0.2732312961117544,Male,Yes,2,Not Graduate,No,1.0,Urban,Y
0.15228224772503557,1.0129587888645903,1.3477081065192655,0.2732312961117544,Male,Yes,0,Graduate,No,1.0,Semiurban,Y
-0.4551818089569467,1.5830946562881771,0.4910041023061131,0.2732312961117544,Male,Yes,0,Graduate,No,1.0,Rural,Y
0.6028017072383719,-0.5544873301529852,0.9788494380386026,0.2732312961117544,Male,Yes,0,Graduate,No,1.0,Semiurban,Y
0.5482478963227571,0.8706813318470665,1.9307427760532163,0.2732312961117544,Male,No,0,Graduate,No,1.0,Rural,N
-0.4484649733787479,0.15792599428812537,-0.6036732364106927,0.2732312961117544,Male,Yes,3+,Graduate,No,1.0,Rural,Y
0.015815807806995857,-0.5544873301529852,-0.484686569158866,0.2732312961117544,Female,Yes,0,Graduate,Yes,0.0,Rural,N
-0.48827451107392633,-0.3817707056485393,-0.18721990102929922,0.2732312961117544,Female,Yes,0,Graduate,No,1.0,Semiurban,Y
-0.2605574024471854,-0.5544873301529852,-0.35380123518185663,-2.5228356340985316,Female,No,0,Graduate,No,1.0,Urban,Y
0.47993276373473476,0.5286682140164806,0.2292334343520943,0.2732312961117544,Male,Yes,2,Graduate,No,1.0,Rural,Y
-0.2504002364508847,-0.5544873301529852,-0.9368359047158076,0.2732312961117544,Male,Yes,1,Graduate,No,1.0,Urban,N
-0.3937473372051281,0.015306524152771011,-0.5441799027847793,2.1372759162519452,Male,Yes,0,Not Graduate,No,0.0,Urban,N
-0.03873800310861906,0.5286682140164806,0.6456867697334878,0.2732312961117544,Male,Yes,3+,Graduate,No,1.0,Semiurban,Y
-0.11147641766277228,-0.5544873301529852,-0.7702545705632501,0.2732312961117544,Female,No,1,Graduate,No,1.0,Semiurban,N
-0.06609682119542894,0.6996747729317736,1.074038771840064,0.2732312961117544,Male,Yes,2,Graduate,No,1.0,Semiurban,Y
-0.10705313569664134,0.24342927374577186,-0.18721990102929922,0.2732312961117544,Male,Yes,0,Graduate,No,1.0,Urban,Y
-0.39161760885106506,0.4828384562271821,-0.6036732364106927,-0.6587910139583409,Male,Yes,0,Graduate,No,1.0,Urban,Y
0.23239279888940703,-0.5544873301529852,-0.05633456705228982,0.2732312961117544,Male,No,0,Graduate,Yes,1.0,Rural,Y
0.13311469253846817,-0.5544873301529852,-0.1515239008537512,0.2732312961117544,Male,No,0,Not Graduate,No,1.0,Rural,N
-0.4756599662075529,-0.5544873301529852,-0.59177456968551,2.1372759162519452,Male,No,0,Graduate,No,1.0,Semiurban,N
-0.04578248920282759,-0.5544873301529852,-0.25861190138039525,0.2732312961117544,Male,No,0,Graduate,No,0.0,Rural,N
0.15097164566099677,-0.5544873301529852,0.34822010160392103,0.2732312961117544,Male,Yes,1,Graduate,No,1.0,Semiurban,Y
2.3470492292160055,1.2465537483428806,5.0481934580510766,0.2732312961117544,Male,Yes,0,Graduate,No,1.0,Rural,N
1.6964991296787477,-0.5544873301529852,-1.0796199054179996,0.2732312961117544,Female,No,0,Graduate,Yes,1.0,Semiurban,Y
-0.03578914846453177,-0.5544873301529852,0.11024676710026758,0.2732312961117544,Male,Yes,2,Graduate,No,1.0,Semiurban,Y
0.6421197691595358,2.1381819465272183,2.787446780266369,-0.6587910139583409,Male,Yes,2,Graduate,Yes,1.0,Rural,Y
-0.38359017120882744,0.12509273497638912,-0.41329456880777,-2.5228356340985316,Male,No,1,Graduate,No,0.0,Urban,N
-0.4324100980942726,-0.055490191238160284,-0.42519323553295263,0.2732312961117544,Female,No,0,Graduate,No,1.0,Urban,Y
-0.09607684341031641,-0.23880922239535438,-0.3062065682811259,-2.5228356340985316,Male,Yes,0,Graduate,No,1.0,Urban,Y
0.5482478963227571,1.1542102065286222,-0.18721990102929922,0.2732312961117544,Male,Yes,3+,Graduate,No,1.0,Rural,Y
-0.17913624921877516,-0.5544873301529852,-0.18721990102929922,0.2732312961117544,Male,Yes,0,Graduate,No,1.0,Semiurban,Y
-0.3824433944027935,-0.5544873301529852,-0.8892412378150768,2.1372759162519452,Male,No,0,Graduate,No,1.0,Urban,N
-0.002041145315532749,-0.5544873301529852,-0.18721990102929922,0.2732312961117544,Male,Yes,2,Graduate,No,1.0,Urban,Y
-0.3391935262895132,0.30054546442347974,-0.21101723447966456,0.2732312961117544,Male,Yes,0,Graduate,No,1.0,Semiurban,Y
0.08806274658713453,0.8929121845060546,1.7879587753510242,0.2732312961117544,Male,No,0,Graduate,No,1.0,Semiurban,Y
0.09772843680942066,-0.5544873301529852,0.12214543382545026,0.2732312961117544,Female,No,0,Graduate,No,1.0,Urban,Y
0.2889125129010801,-0.5544873301529852,-0.21101723447966456,0.2732312961117544,Male,No,0,Graduate,Yes,1.0,Urban,Y
-0.13719698316953366,-0.5544873301529852,-0.5441799027847793,0.2732312961117544,Male,Yes,2,Graduate,No,1.0,Urban,N
-0.28447589011589347,-0.5544873301529852,-0.3894972353574046,-2.5228356340985316,Male,No,1,Graduate,No,1.0,Urban,Y
-0.5008890559402998,-0.007266341624047663,-0.16342256757893386,0.2732312961117544,Male,No,0,Not Graduate,No,1.0,Semiurban,Y
-0.39210908462507965,0.5180658073637324,-0.1991185677544819,0.2732312961117544,Male,Yes,0,Not Graduate,No,0.0,Urban,N
-0.5030187842943628,0.27215837564354106,-0.11582790067820319,0.2732312961117544,Male,Yes,0,Graduate,No,1.0,Urban,Y
0.01384990471093766,-0.5544873301529852,-0.24671323465521258,0.2732312961117544,Male,Yes,0,Graduate,No,1.0,Rural,Y
0.6165630289107793,-0.5544873301529852,0.46720676885574774,0.2732312961117544,Male,No,3+,Graduate,No,1.0,Rural,Y
0.6717721408584136,-0.5544873301529852,1.5380867741221882,0.2732312961117544,Male,Yes,3+,Graduate,No,1.0,Rural,Y
-0.4620624697931504,0.16887041405870412,-0.3062065682811259,0.2732312961117544,Male,Yes,0,Graduate,No,1.0,Urban,Y
-0.5587193720160116,0.0012839863217169861,-0.3894972353574046,-2.5228356340985316,Male,Yes,2,Not Graduate,No,1.0,Semiurban,Y
-0.3773648114046432,-0.07566896519016486,-0.3894972353574046,0.2732312961117544,Male,Yes,2,Graduate,No,1.0,Urban,Y
-0.34853156599578966,-0.3889529811229816,-0.12772656740338584,0.2732312961117544,Male,Yes,2,Graduate,No,1.0,Semiurban,Y
-0.3642587907642552,-0.5544873301529852,-0.8892412378150768,0.2732312961117544,Female,No,0,Graduate,No,0.0,Urban,N
-0.3883411036909681,-0.055490191238160284,-0.6036732364106927,0.2732312961117544,Male,Yes,0,Graduate,No,1.0,Urban,Y
-0.2459769544847538,0.015306524152771011,-0.4370919022581353,0.2732312961117544,Male,No,0,Not Graduate,No,1.0,Rural,Y
-0.6394852242124025,0.061136281942069534,-0.5084839026092314,0.2732312961117544,Female,No,0,Graduate,No,0.0,Semiurban,N
-0.4119319408436664,-0.5544873301529852,-1.1986065726698263,-2.5228356340985316,Male,Yes,2,Not Graduate,No,0.0,Urban,N
-0.4338845254163163,-0.5544873301529852,-0.9606332381661729,-0.6587910139583409,Male,No,0,Not Graduate,No,1.0,Rural,N
-0.4756599662075529,6.285775026458735,-0.5084839026092314,0.2732312961117544,Male,No,0,Graduate,No,1.0,Semiurban,Y
-0.5636341297561571,-0.5544873301529852,-1.103417238868365,0.2732312961117544,Female,No,0,Not Graduate,No,1.0,Semiurban,Y
0.3338006335944089,-0.5544873301529852,0.5742947693823918,0.2732312961117544,Female,No,0,Graduate,Yes,1.0,Rural,N
-0.14030966307162582,-0.5544873301529852,-0.36569990190703927,0.2732312961117544,Female,No,0,Graduate,No,1.0,Semiurban,Y
-0.5302137771231679,0.2663441526404211,-0.36569990190703927,0.2732312961117544,Male,Yes,0,Not Graduate,No,1.0,Urban,Y
-0.5226778152549447,-0.5544873301529852,-0.9487345714409902,0.2732312961117544,Female,No,0,Not Graduate,No,1.0,Rural,Y
0.4745265302205747,-0.5544873301529852,0.07455076692471957,-0.6587910139583409,Male,Yes,1,Graduate,No,0.0,Semiurban,N
12.38462278717314,-0.5544873301529852,2.5494734457627155,0.2732312961117544,Male,Yes,3+,Graduate,No,0.0,Rural,N
-0.25171083851492354,-0.5544873301529852,-0.9963292383417209,0.2732312961117544,Female,No,1,Not Graduate,Yes,1.0,Semiurban,N
0.13966770285866215,-0.5544873301529852,0.16974010072618095,0.2732312961117544,Male,Yes,0,Graduate,No,1.0,Urban,Y
0.11345566157788621,-0.5544873301529852,0.8598627707867759,0.2732312961117544,Male,Yes,0,Not Graduate,No,0.0,Rural,N
-0.5161248049347508,0.14082533839659606,-0.42519323553295263,0.2732312961117544,Male,Yes,0,Not Graduate,No,1.0,Rural,Y
-0.5331626317672551,0.5526091322646216,0.38391610177946905,0.2732312961117544,Female,Yes,0,Not Graduate,No,0.0,Semiurban,N
-0.3945664634951524,-0.5544873301529852,-1.0201265717920862,0.2732312961117544,Female,No,0,Graduate,No,1.0,Urban,Y
-0.45927744040706797,-0.5544873301529852,0.16974010072618095,0.2732312961117544,Female,No,1,Graduate,No,1.0,Urban,N
-0.6231026984119176,6.285775026458735,1.109734772015612,0.2732312961117544,Male,Yes,2,Graduate,Yes,1.0,Urban,N
-0.717302221764706,0.3939150455912297,-0.4013959020825873,0.2732312961117544,Male,Yes,0,Graduate,No,1.0,Rural,Y
-0.35344632373593515,-0.0698547421870449,-0.09203056722783784,0.2732312961117544,Male,Yes,0,Graduate,No,1.0,Semiurban,Y
0.06971431769059137,-0.5544873301529852,-0.09203056722783784,0.2732312961117544,Male,Yes,0,Graduate,No,1.0,Rural,Y
-0.439618409446486,-0.5544873301529852,-0.7821532372884328,0.2732312961117544,Female,No,0,Not Graduate,No,0.0,Urban,N
-0.5870611416508507,0.03343321939779207,-0.5441799027847793,0.2732312961117544,Male,Yes,0,Graduate,No,1.0,Urban,Y
0.30251000931548266,0.015648537270601597,-0.42519323553295263,0.2732312961117544,Male,Yes,1,Graduate,No,0.0,Urban,N
1.5524967278924848,-0.5544873301529852,-0.59177456968551,0.2732312961117544,Male,Yes,0,Graduate,No,1.0,Semiurban,Y
-0.4484649733787479,0.9161690765185344,-0.2943079015559433,0.2732312961117544,Male,Yes,0,Graduate,No,1.0,Rural,Y
-0.13064397284933968,-0.5544873301529852,-0.7702545705632501,0.2732312961117544,Female,No,1,Not Graduate,No,1.0,Rural,N
0.08707979503910543,-0.5544873301529852,-0.1515239008537512,0.2732312961117544,Male,Yes,2,Graduate,No,1.0,Semiurban,Y
-0.4068533578455161,-0.5489740784062651,-0.6988625702121541,0.2732312961117544,Male,Yes,0,Graduate,No,1.0,Rural,Y
-0.44010988522050054,-0.5544873301529852,-1.0201265717920862,-2.5228356340985316,Male,No,0,Not Graduate,No,1.0,Urban,Y
0.527605913814146,-0.5544873301529852,0.05075343347435422,0.2732312961117544,Female,No,1,Graduate,Yes,1.0,Semiurban,Y
0.17964106581184544,-0.5544873301529852,-0.484686569158866,0.2732312961117544,Male,No,0,Graduate,No,0.0,Rural,N
1.2241909108507665,-0.5544873301529852,3.0849134483959357,0.2732312961117544,Male,No,0,Graduate,No,1.0,Semiurban,Y
-0.48794686055791664,0.24582336557058596,-0.032537233601924474,0.2732312961117544,Male,Yes,0,Graduate,No,1.0,Semiurban,Y
-0.2708783937014909,-0.5544873301529852,-0.5441799027847793,0.2732312961117544,Male,No,0,Graduate,No,1.0,Urban,Y
0.7607292559550469,-0.5544873301529852,-0.2348145679300299,-1.5908133240284363,Female,Yes,0,Graduate,No,1.0,Semiurban,Y
-0.5696956643023365,0.07857895095142942,-1.139113239043913,0.2732312961117544,Male,No,0,Graduate,No,1.0,Semiurban,Y
-0.5226778152549447,-0.169722572593576,-0.2348145679300299,0.2732312961117544,Male,Yes,0,Graduate,No,1.0,Urban,Y
0.8211807761588364,-0.5544873301529852,0.4910041023061131,0.2732312961117544,Male,No,0,Graduate,Yes,0.0,Urban,N
0.2848168814509589,-0.5544873301529852,-0.09203056722783784,0.2732312961117544,Female,Yes,0,Not Graduate,Yes,1.0,Rural,Y
-0.2856226669219274,1.1774670985411022,0.4910041023061131,0.2732312961117544,Male,No,0,Graduate,No,1.0,Semiurban,Y
0.4091602522766397,0.07242271483047887,0.4077134352298344,0.2732312961117544,Male,Yes,0,Graduate,No,1.0,Rural,Y
-0.11409762179084987,0.12714481368337263,0.02695610002398888,0.2732312961117544,Male,No,3+,Not Graduate,No,1.0,Semiurban,Y
5.294101795465245,-0.5544873301529852,0.07455076692471957,0.2732312961117544,Male,No,1,Graduate,No,1.0,Semiurban,Y
0.31610750572988516,2.2955079807292877,0.34822010160392103,-0.6587910139583409,Male,Yes,0,Graduate,No,1.0,Rural,Y
-0.3174047669748682,-0.1406514575779762,-0.18721990102929922,0.2732312961117544,Male,Yes,1,Graduate,Yes,1.0,Rural,Y
-0.1231080109811166,-0.5544873301529852,-0.42519323553295263,0.2732312961117544,Male,Yes,2,Not Graduate,No,1.0,Rural,Y
-0.3054455231405142,-0.08387728001809892,-1.0796199054179996,0.2732312961117544,Male,Yes,0,Graduate,No,1.0,Rural,N
-0.3380467494834793,0.030355101337316795,0.05075343347435422,0.2732312961117544,Male,Yes,2,Graduate,No,0.0,Rural,N
-0.4315909718042484,-0.027103102458221652,0.5267001024816611,0.2732312961117544,Male,No,1,Not Graduate,Yes,1.0,Semiurban,N
-0.5069505904864792,-0.12526086727559982,-0.24671323465521258,0.2732312961117544,Male,Yes,2,Not Graduate,No,0.0,Rural,N
-0.5644532560461814,-0.05651623059165205,-1.0201265717920862,-0.6587910139583409,Male,Yes,2,Not Graduate,No,1.0,Urban,Y
-0.2384409926165307,0.03822140304742027,0.03885476674917156,0.2732312961117544,Male,Yes,0,Graduate,No,0.0,Rural,N
-0.47844499559363535,0.2889170184172398,-0.6631665700366061,-2.5228356340985316,Male,Yes,0,Graduate,No,0.0,Rural,Y
0.27547884174468246,-0.5544873301529852,-0.7345585703877021,0.2732312961117544,Male,No,0,Graduate,Yes,1.0,Semiurban,Y
-0.2530214405789623,-0.5544873301529852,-0.59177456968551,0.2732312961117544,Male,Yes,2,Graduate,No,1.0,Semiurban,Y
-0.1806106765408188,-0.5544873301529852,-0.33000390173149124,0.2732312961117544,Male,Yes,0,Graduate,No,1.0,Urban,Y
-0.2777590545376946,0.32414436955379017,0.3244227681535557,0.2732312961117544,Male,Yes,0,Graduate,No,1.0,Urban,N
-0.17192793786656177,-0.5544873301529852,-0.11582790067820319,0.2732312961117544,Male,No,2,Graduate,No,1.0,Rural,Y
0.4800965889927396,-0.5544873301529852,0.16974010072618095,0.2732312961117544,Male,Yes,0,Graduate,No,1.0,Semiurban,N
-0.5439750987955752,0.8419522299492973,0.16974010072618095,0.2732312961117544,Male,Yes,0,Graduate,Yes,1.0,Semiurban,Y
0.38278438573785895,-0.5544873301529852,-0.21101723447966456,-2.5228356340985316,Male,Yes,3+,Graduate,No,1.0,Urban,Y
-0.39128995833505537,0.1938373716603369,0.08644943364990224,0.2732312961117544,Male,Yes,0,Graduate,No,1.0,Rural,Y
-0.03480619691650267,-0.5544873301529852,-0.16342256757893386,0.2732312961117544,Female,No,1,Not Graduate,No,1.0,Semiurban,Y
-0.2027270863714735,-0.5544873301529852,-0.5679772362351447,0.2732312961117544,Male,No,0,Graduate,No,0.0,Semiurban,N
0.09772843680942066,-0.5544873301529852,-0.0682332337774725,0.2732312961117544,Male,No,0,Graduate,No,1.0,Rural,Y
-0.4024300758793852,0.01462249791710984,-0.9011399045402595,-2.5228356340985316,Male,Yes,3+,Not Graduate,No,0.0,Urban,N
1.8493480953972723,-0.5544873301529852,-0.42519323553295263,0.2732312961117544,Male,Yes,0,Graduate,No,1.0,Semiurban,Y
-0.8508198070386584,0.4431649345588341,-0.5679772362351447,0.2732312961117544,Female,Yes,2,Not Graduate,No,1.0,Semiurban,Y
-0.17536826828466362,0.28378682164978103,-0.42519323553295263,0.2732312961117544,Male,Yes,0,Graduate,No,1.0,Urban,N
-0.3200259711029458,0.15655794181680302,0.19353743417654629,0.2732312961117544,Male,Yes,1,Graduate,Yes,1.0,Semiurban,Y
-0.4505947017328109,-0.04146765340710626,-0.3894972353574046,-2.5228356340985316,Male,Yes,1,Not Graduate,No,0.0,Rural,N
-0.11671882591892746,-0.5544873301529852,-0.5441799027847793,0.2732312961117544,Male,Yes,3+,Graduate,No,1.0,Semiurban,Y
-0.4756599662075529,-0.5544873301529852,-0.6274705698610581,0.2732312961117544,Female,No,0,Graduate,Yes,1.0,Urban,Y
0.021058216063151045,1.0351896415235784,0.19353743417654629,0.2732312961117544,Male,No,2,Graduate,No,1.0,Rural,Y
1.8219892773104625,-0.20768602867277106,0.05075343347435422,0.2732312961117544,Male,Yes,2,Graduate,Yes,1.0,Rural,Y
0.21240611741281537,0.04403562605054023,1.002646771488968,-0.6587910139583409,Male,Yes,2,Graduate,No,1.0,Semiurban,Y
-0.414553144971744,0.08576122642587172,-0.16342256757893386,0.2732312961117544,Male,Yes,2,Graduate,No,0.0,Semiurban,N
1.845252463947151,0.21504218496583322,-0.7107612369373367,0.2732312961117544,Male,Yes,1,Graduate,Yes,1.0,Semiurban,Y
-0.4024300758793852,-0.0062403022705559055,-0.1991185677544819,0.2732312961117544,Male,Yes,2,Graduate,No,1.0,Urban,N
-0.17258323889858118,-0.5544873301529852,0.09834810037508492,0.2732312961117544,Female,No,0,Not Graduate,No,1.0,Rural,Y
-0.3781839376946674,-0.5544873301529852,-0.3894972353574046,0.2732312961117544,Male,Yes,3+,Not Graduate,No,1.0,Rural,Y
-0.5439750987955752,0.5228539910133606,-0.21101723447966456,0.2732312961117544,Male,Yes,0,Graduate,No,1.0,Semiurban,Y
0.8894959087468587,-0.5544873301529852,1.0502414383896987,0.2732312961117544,Male,Yes,0,Graduate,No,1.0,Semiurban,Y
0.47993276373473476,-0.5544873301529852,1.1930254390918906,0.2732312961117544,Male,Yes,2,Graduate,No,1.0,Semiurban,Y
-0.5644532560461814,0.27865662488232223,-0.17532123430411653,0.2732312961117544,Male,Yes,1,Not Graduate,No,1.0,Rural,Y
-0.3041349210764754,-0.5544873301529852,-0.7821532372884328,0.2732312961117544,Male,No,2,Graduate,No,0.0,Rural,N
2.1181853437832308,-0.5544873301529852,4.2152867872882895,0.2732312961117544,Male,Yes,1,Graduate,No,1.0,Urban,N
-0.13441195378345122,0.15792599428812537,0.16974010072618095,0.2732312961117544,Male,Yes,2,Graduate,Yes,1.0,Semiurban,Y
-0.4863086079778681,-0.5544873301529852,-0.8416465709143461,0.2732312961117544,Male,No,0,Graduate,No,1.0,Urban,N
-0.4430587398645879,0.3980192030051967,-0.59177456968551,0.2732312961117544,Male,No,0,Not Graduate,No,1.0,Semiurban,Y
-0.011543010279814025,-0.1676704938865925,0.4791054355809304,0.2732312961117544,Male,Yes,1,Not Graduate,No,1.0,Urban,Y
-0.28054408392377705,-0.5544873301529852,-0.42519323553295263,0.2732312961117544,Male,No,0,Not Graduate,No,1.0,Rural,Y
1.9428923177180415,-0.5544873301529852,0.9431534378630546,0.2732312961117544,Female,No,0,Not Graduate,Yes,1.0,Semiurban,Y
-0.2959436581762329,0.18323496500758873,-0.3181052350063086,0.2732312961117544,Male,Yes,0,Graduate,No,0.0,Rural,N
-0.34034030309554714,-0.24222935357366024,-0.484686569158866,-4.014071330210684,Female,Yes,1,Graduate,No,1.0,Semiurban,Y
-0.45927744040706797,0.026934970159010935,-0.46088923570850066,0.2732312961117544,Male,Yes,0,Not Graduate,No,1.0,Rural,Y
-0.12753129294724755,0.4226441474889989,-0.41329456880777,-5.132498102294799,Male,Yes,0,Graduate,No,1.0,Urban,Y
-0.41094898929563733,-0.5544873301529852,-0.6036732364106927,0.2732312961117544,Male,Yes,1,Graduate,Yes,1.0,Semiurban,Y
0.1440909848247931,0.9558425981868824,0.7527747702601318,0.2732312961117544,Male,No,0,Graduate,No,0.0,Rural,N
-0.7795558198065489,0.7051469828170629,-0.3894972353574046,2.1372759162519452,Female,No,0,Graduate,No,1.0,Rural,Y
-0.36769912118235704,-0.5544873301529852,-0.5441799027847793,0.2732312961117544,Female,No,0,Graduate,No,1.0,Semiurban,Y
-0.08821323102608364,1.3689944445262303,0.7408761035349491,0.2732312961117544,Male,Yes,2,Graduate,No,1.0,Semiurban,Y
-0.22173081630003605,1.2588662205847816,-0.09203056722783784,0.2732312961117544,Male,Yes,1,Not Graduate,No,1.0,Rural,N
-0.26039357718918055,-0.04728187641022622,-0.25861190138039525,-0.6587910139583409,Male,Yes,0,Not Graduate,No,1.0,Semiurban,Y
-0.31019645562265485,0.9558425981868824,1.1573294389163427,0.2732312961117544,Male,Yes,2,Graduate,No,1.0,Rural,Y
2.5277484887953547,1.7257141264235314,3.977313452784636,0.2732312961117544,Male,Yes,0,Graduate,No,1.0,Urban,Y
-0.2982372117883008,-0.5544873301529852,-0.59177456968551,0.2732312961117544,Male,No,0,Graduate,No,1.0,Urban,N
-0.4791002966256548,0.47599819387057035,0.5029027690312957,0.2732312961117544,Male,Yes,0,Graduate,Yes,1.0,Urban,Y
1.2874274604406384,-0.5544873301529852,-1.2580999062957396,0.2732312961117544,Female,No,1,Graduate,No,1.0,Urban,Y
-0.29577983291822807,-0.11431644750502108,-0.5441799027847793,0.2732312961117544,Male,No,0,Not Graduate,No,1.0,Rural,N
0.10837707857973587,0.13090695797950908,1.2406201059926214,0.2732312961117544,Male,Yes,1,Graduate,No,1.0,Semiurban,Y
-0.3473847891897557,0.14150936463225725,0.02695610002398888,0.2732312961117544,Male,Yes,2,Graduate,No,1.0,Urban,Y
-0.5362753116693473,1.725372113305701,-0.9011399045402595,-2.5228356340985316,Male,Yes,0,Graduate,No,1.0,Semiurban,N
0.06742076407852347,0.6993327598139429,1.9664387762287643,0.2732312961117544,Male,No,0,Graduate,No,1.0,Rural,N
-0.3174047669748682,0.6179336377702636,0.05075343347435422,0.2732312961117544,Male,Yes,3+,Graduate,No,1.0,Rural,Y
-0.5524940122118274,0.003678078146531088,-0.3894972353574046,2.1372759162519452,Female,Yes,2,Graduate,No,1.0,Semiurban,Y
-0.3816242681127693,0.061136281942069534,-0.2705105681055779,0.2732312961117544,Male,Yes,0,Not Graduate,No,0.0,Semiurban,N
-0.11802942798296626,0.10046779049258692,0.46720676885574774,0.2732312961117544,Male,No,0,Graduate,No,1.0,Semiurban,N
-0.3282172340031883,-0.5544873301529852,-0.6036732364106927,0.2732312961117544,Female,No,0,Not Graduate,No,1.0,Rural,N
-0.5261181456730466,0.041299521107895545,-1.1986065726698263,0.2732312961117544,Male,Yes,2,Not Graduate,No,1.0,Semiurban,Y
-0.4756599662075529,-0.5544873301529852,-1.0796199054179996,0.2732312961117544,Male,No,0,Graduate,No,1.0,Semiurban,Y
0.044812878473854234,-0.0674606503622308,-0.5441799027847793,0.2732312961117544,Male,Yes,3+,Graduate,Yes,1.0,Rural,Y
0.41686003940286764,1.8963786722209939,3.977313452784636,0.2732312961117544,Male,Yes,2,Graduate,Yes,1.0,Rural,Y
-0.11852090375698081,0.15929404675944772,-0.1991185677544819,0.2732312961117544,Male,No,0,Graduate,No,1.0,Semiurban,N
1.9817189038651908,-0.5544873301529852,3.0254201147700224,0.2732312961117544,Male,Yes,2,Graduate,Yes,1.0,Rural,Y
-0.2667827622513697,-0.5544873301529852,-0.42519323553295263,0.2732312961117544,Male,Yes,0,Graduate,No,1.0,Semiurban,Y
-0.019406622664046805,-0.06540857165524729,0.18163876745136362,0.2732312961117544,Male,Yes,1,Not Graduate,No,0.0,Semiurban,Y
-0.44633524502468486,-0.10918625073756229,-0.6155719031358754,0.2732312961117544,Male,No,1,Not Graduate,No,1.0,Semiurban,Y
0.2260036138272179,-0.5544873301529852,-0.18721990102929922,0.2732312961117544,Male,No,0,Not Graduate,No,1.0,Semiurban,Y
-0.717302221764706,1.3265848179152375,0.8360654373364106,0.2732312961117544,Male,Yes,0,Graduate,No,1.0,Rural,Y
-0.1838871817009158,-0.5544873301529852,-0.5441799027847793,0.2732312961117544,Male,Yes,3+,Graduate,No,1.0,Urban,Y
-0.2974180854982766,-0.5544873301529852,-0.42519323553295263,0.2732312961117544,Male,No,2,Graduate,No,0.0,Rural,N
0.957811041334881,-0.5544873301529852,0.5980921028327572,0.2732312961117544,Male,No,1,Graduate,No,1.0,Semiurban,N
2.0906627004384157,-0.5544873301529852,-0.24671323465521258,0.2732312961117544,Female,No,0,Not Graduate,Yes,1.0,Urban,Y
-0.46746870330731044,0.14390345645707134,-0.2348145679300299,0.2732312961117544,Male,No,0,Not Graduate,No,1.0,Rural,Y
0.11951719612406565,0.7814159080932835,2.121121443656139,0.2732312961117544,Male,Yes,0,Graduate,No,1.0,Urban,Y
-0.29266715301613594,-0.5544873301529852,-0.46088923570850066,0.2732312961117544,Male,No,2,Graduate,No,1.0,Semiurban,Y
-0.40734483361953067,-0.3711682989957912,-0.9487345714409902,0.2732312961117544,Male,Yes,0,Not Graduate,No,1.0,Rural,N
0.16604356939744294,-0.5544873301529852,0.13404410055063293,-2.5228356340985316,Male,Yes,3+,Graduate,No,1.0,Rural,Y
-0.13031632233333,0.4185399900750319,-0.0682332337774725,-2.5228356340985316,Female,Yes,1,Graduate,No,1.0,Semiurban,Y
-0.5349647096053085,-0.5544873301529852,-0.556078569509962,0.2732312961117544,Female,No,0,Graduate,No,0.0,Semiurban,N
-0.2869332689859662,-0.5544873301529852,-0.6036732364106927,0.2732312961117544,Female,No,1,Graduate,No,1.0,Semiurban,Y
-0.5184183585468186,0.3087537792514138,-0.21101723447966456,0.2732312961117544,Male,Yes,1,Not Graduate,No,1.0,Urban,Y
-0.3909623078190457,-0.32773263303130673,-0.5203825693344141,0.2732312961117544,Female,Yes,0,Not Graduate,No,1.0,Semiurban,Y
-0.4317547970622532,0.11243824961665744,0.11024676710026758,0.2732312961117544,Male,Yes,0,Graduate,No,1.0,Rural,Y
-0.33509789483939195,-0.5544873301529852,-0.7821532372884328,-4.759689178266761,Male,No,0,Not Graduate,No,1.0,Semiurban,N
-0.47140050949942686,0.05532205893894957,-0.008739900151559133,0.2732312961117544,Male,No,0,Graduate,No,1.0,Rural,Y
-0.06609682119542894,-0.5544873301529852,-0.5084839026092314,0.2732312961117544,Female,No,0,Graduate,No,0.0,Semiurban,N
-0.4289697676761708,0.1350111153934761,-0.42519323553295263,0.2732312961117544,Male,Yes,0,Graduate,No,1.0,Rural,Y
0.20142982512649044,-0.5544873301529852,-0.1991185677544819,0.2732312961117544,Male,Yes,2,Graduate,Yes,0.0,Rural,N
-0.47697056827159173,0.25779382469465645,-0.2348145679300299,0.2732312961117544,Male,Yes,1,Not Graduate,No,1.0,Rural,Y
-0.3391935262895132,0.5570553027964192,0.1459427672758156,0.2732312961117544,Male,Yes,1,Graduate,No,1.0,Urban,Y
-0.483195928075776,0.24342927374577186,0.419612101955017,0.2732312961117544,Male,Yes,0,Not Graduate,No,0.0,Urban,N
-0.2965989592082523,0.9045406305122945,-0.16342256757893386,-2.5228356340985316,Male,Yes,0,Graduate,No,0.0,Rural,N
0.010573399550840669,-0.2015297925518205,-1.4246812404482971,0.2732312961117544,Male,Yes,1,Graduate,No,1.0,Semiurban,Y
-0.44830114812074306,0.0012839863217169861,-0.7345585703877021,0.2732312961117544,Female,No,0,Graduate,No,1.0,Urban,Y
0.7758011796914931,-0.5544873301529852,1.3596067732444481,0.2732312961117544,Male,Yes,3+,Graduate,Yes,1.0,Semiurban,Y
-0.24843433335482654,0.35834568133684874,0.19353743417654629,0.2732312961117544,Male,Yes,0,Graduate,No,1.0,Semiurban,Y
-0.20043353275940562,0.23419491956434604,0.4315107686801997,0.2732312961117544,Female,Yes,0,Graduate,No,1.0,Semiurban,Y
-0.28316528805185465,-0.4717201556379834,-0.448990568983318,0.2732312961117544,Male,Yes,2,Not Graduate,No,1.0,Semiurban,Y
2.306748215746812,-0.5544873301529852,5.405153459806557,0.2732312961117544,Female,Yes,1,Graduate,Yes,1.0,Semiurban,Y
0.08511389194304723,0.14800761387103836,0.7765721037104972,0.2732312961117544,Male,Yes,0,Graduate,No,1.0,Rural,Y
0.06496338520845074,-0.5544873301529852,-0.16342256757893386,0.2732312961117544,Male,No,0,Not Graduate,Yes,1.0,Semiurban,Y
0.5562753339649946,-0.5544873301529852,1.3358094397940827,0.2732312961117544,Male,Yes,2,Graduate,No,0.0,Urban,N
-0.15341568371201378,-0.5544873301529852,-0.3062065682811259,0.2732312961117544,Male,Yes,0,Not Graduate,No,1.0,Rural,Y
-0.3391935262895132,-0.5544873301529852,-0.9011399045402595,0.2732312961117544,Male,No,0,Graduate,No,1.0,Urban,Y
-0.3282172340031883,0.30054546442347974,-0.2705105681055779,0.2732312961117544,Male,Yes,3+,Graduate,No,0.0,Rural,N
-0.49564664768414457,-0.5544873301529852,-1.6269585747764026,0.2732312961117544,Female,No,0,Graduate,No,1.0,Urban,N
-0.3665523443763231,0.15142774504934423,-0.4965852358840487,0.2732312961117544,Male,Yes,0,Graduate,No,0.0,Urban,N
-0.32543220461710587,0.04403562605054023,0.4791054355809304,0.2732312961117544,Male,Yes,1,Graduate,No,1.0,Urban,Y
-0.04709309126686639,-0.05822629618080497,0.2292334343520943,0.2732312961117544,Male,Yes,0,Graduate,No,0.0,Urban,N
1.8450886386891463,-0.5544873301529852,1.5380867741221882,0.2732312961117544,Male,Yes,2,Graduate,No,1.0,Urban,Y
0.11820659406002686,0.0012839863217169861,0.4910041023061131,2.1372759162519452,Male,Yes,2,Not Graduate,No,1.0,Semiurban,N
0.16424149155938958,-0.5544873301529852,0.05075343347435422,0.2732312961117544,Male,Yes,3+,Graduate,No,1.0,Semiurban,N
-0.36769912118235704,-0.3968192828330851,-0.448990568983318,-4.014071330210684,Male,Yes,2,Graduate,No,1.0,Urban,Y
-0.37949453975870623,0.2013616602526098,-0.11582790067820319,0.2732312961117544,Male,Yes,0,Graduate,No,0.0,Semiurban,N
-0.3562313531220176,0.3822865995849898,-0.42519323553295263,0.2732312961117544,Male,No,0,Graduate,No,1.0,Urban,Y
-0.5932865014550349,0.20888594884488268,-0.46088923570850066,0.2732312961117544,Male,Yes,1,Graduate,No,1.0,Rural,Y
-0.3639311402482455,0.4431649345588341,0.18163876745136362,0.2732312961117544,Male,No,0,Graduate,No,1.0,Urban,Y
0.18619407613203942,-0.5544873301529852,0.7051801033594012,0.2732312961117544,Male,Yes,2,Graduate,No,1.0,Semiurban,Y
-0.584439937522773,11.018210537880554,-0.6631665700366061,0.2732312961117544,Male,No,0,Graduate,No,1.0,Urban,N
-0.3665523443763231,-0.5544873301529852,-1.3056945731964704,0.2732312961117544,Female,Yes,0,Graduate,No,1.0,Semiurban,Y
-0.5772316261705597,-0.5544873301529852,-1.0082279050669036,0.2732312961117544,Male,Yes,1,Graduate,No,1.0,Rural,N
-0.4286421171601611,0.10115181672824809,0.0031587665736235383,0.2732312961117544,Male,Yes,1,Graduate,No,0.0,Rural,N
-0.1835595311849061,0.4715520233387727,0.312524101428373,-4.014071330210684,Male,Yes,1,Graduate,No,1.0,Rural,N
-0.5089164935825374,-0.03394336481483337,-0.4965852358840487,0.2732312961117544,Male,Yes,0,Graduate,No,1.0,Urban,Y
-0.5305414276391776,-0.5544873301529852,-0.9011399045402595,0.2732312961117544,Female,No,0,Not Graduate,No,1.0,Semiurban,Y
-0.10705313569664134,-0.5544873301529852,-0.6155719031358754,0.2732312961117544,Male,No,0,Graduate,No,1.0,Semiurban,Y
-0.4386354578984569,-0.5544873301529852,-0.47278790243368335,0.2732312961117544,Male,Yes,2,Graduate,Yes,0.0,Semiurban,N
-0.3937473372051281,0.6138294803562965,-1.067721238692817,-2.5228356340985316,Male,Yes,0,Graduate,No,1.0,Semiurban,Y
0.09772843680942066,-0.5544873301529852,0.7051801033594012,-1.5908133240284363,Male,Yes,2,Graduate,Yes,1.0,Semiurban,N
0.6476898279317007,-0.5544873301529852,1.7403641084502937,0.2732312961117544,Male,No,3+,Graduate,Yes,1.0,Semiurban,Y
-0.2530214405789623,0.5741559586879486,-0.04443590032710715,-2.5228356340985316,Male,Yes,0,Graduate,No,1.0,Rural,Y
1.7556400478184984,-0.5544873301529852,1.3596067732444481,0.2732312961117544,Male,Yes,0,Graduate,Yes,1.0,Urban,Y
-0.2572808972870884,-0.5544873301529852,-0.42519323553295263,0.2732312961117544,Male,No,0,Not Graduate,No,1.0,Rural,Y
0.16047351062527804,-0.21247421232239924,0.4910041023061131,0.2732312961117544,Male,Yes,2,Not Graduate,Yes,1.0,Rural,N
-0.39587706555919117,-0.5544873301529852,-0.6869639034869715,0.2732312961117544,Male,No,0,Graduate,No,0.0,Semiurban,N
0.7469679342826396,-0.5544873301529852,0.4077134352298344,0.2732312961117544,Male,Yes,0,Graduate,Yes,1.0,Rural,Y
0.061686880048353744,-0.5544873301529852,0.5504974359320265,0.2732312961117544,Male,Yes,2,Graduate,No,1.0,Urban,Y
-0.8170718038896595,13.696173250494041,2.430486778510889,-2.5228356340985316,Female,No,3+,Graduate,No,1.0,Urban,N
-0.4111128145536422,0.4004132948300108,0.11024676710026758,0.2732312961117544,Male,Yes,0,Not Graduate,No,1.0,Rural,Y
0.04907233518198032,-0.5544873301529852,-0.21101723447966456,0.2732312961117544,Male,Yes,3+,Graduate,No,1.0,Urban,Y
-0.2830014627938498,0.916511089636365,0.312524101428373,0.2732312961117544,Male,No,0,Graduate,No,1.0,Rural,Y
1.0806799848385182,-0.5544873301529852,4.167692120387558,0.2732312961117544,Female,Yes,1,Graduate,No,1.0,Semiurban,Y
-0.4920424920080379,0.7451625176032415,-0.1991185677544819,-2.5228356340985316,Male,Yes,0,Not Graduate,No,1.0,Urban,N
-0.3282172340031883,0.30054546442347974,0.3244227681535557,0.2732312961117544,Male,Yes,1,Graduate,No,1.0,Semiurban,Y
-0.23205180755434157,-0.07190682089402842,0.13404410055063293,0.2732312961117544,Male,Yes,2,Not Graduate,No,1.0,Rural,Y
-0.355739877348003,0.11243824961665744,-0.448990568983318,0.2732312961117544,Male,Yes,0,Graduate,No,1.0,Rural,Y
-0.4101298630056131,-0.5544873301529852,-0.8892412378150768,0.2732312961117544,Female,No,0,Graduate,No,1.0,Rural,Y
-0.21255660185176448,-0.5544873301529852,-1.2580999062957396,-2.5228356340985316,Male,Yes,3+,Graduate,No,1.0,Rural,Y
0.437174371395469,-0.4724041818736446,1.2763161061681694,0.2732312961117544,Male,Yes,1,Graduate,No,1.0,Urban,Y
0.35706382023109756,-0.5544873301529852,0.4910041023061131,0.2732312961117544,Male,Yes,2,Graduate,No,1.0,Urban,Y
-0.13441195378345122,-0.5544873301529852,-0.1515239008537512,0.2732312961117544,Female,No,0,Graduate,Yes,0.0,Semiurban,N
